episode,val_acc,val_f1,val_precision,val_recall,val_auc,val_ap
10,0.8333333333333333,0.8301428977792616,0.8588518937681686,0.8333333333333333,0.9113814267923857,0.932248602746415
20,0.8249999999999998,0.8221470422490629,0.850131654765593,0.8249999999999998,0.9179452374859534,0.9351166573647416
30,0.8249999999999998,0.8245388531749885,0.831302925884853,0.8249999999999998,0.9390719644345653,0.9478047954107658
40,0.8316666666666667,0.8304554451603978,0.8471918737611308,0.8316666666666667,0.9307599061377462,0.9438004328523384
50,0.8266666666666665,0.8235487119449605,0.8447194233570008,0.8266666666666665,0.9395003556187768,0.945830694733907
60,0.8400000000000001,0.8394400896073251,0.8504630005619276,0.8400000000000001,0.9396867451102626,0.9491819954214061
70,0.8466666666666667,0.8456544072673363,0.8547594661966198,0.8466666666666667,0.9475684566145093,0.9531406741466862
80,0.8566666666666667,0.8558222152714483,0.8644365704387591,0.8566666666666667,0.9576290962429577,0.9602920406328929
90,0.8633333333333333,0.8632988859822055,0.8689257758811435,0.8633333333333333,0.9543954395439543,0.9588464814327559
100,0.8400000000000001,0.83868238676184,0.8465459388343465,0.8400000000000001,0.9459071964434564,0.9538292346939652
110,0.8699999999999999,0.8692852581540347,0.8770262030001866,0.8699999999999999,0.9577813833570412,0.9621325776183514
120,0.8466666666666667,0.8455703240487912,0.8558232109278746,0.8466666666666667,0.9508094645080947,0.95216370860152
130,0.8549999999999999,0.8536545819756153,0.8745589837276952,0.8549999999999999,0.9516981888212309,0.9596206190979232
140,0.8883333333333334,0.8878983315099938,0.891979446774416,0.8883333333333334,0.9623006390664074,0.9663082330175681
150,0.885,0.8845398082296964,0.8881599139646997,0.885,0.9644744601074778,0.9694294495455937
160,0.8566666666666667,0.8558761471450402,0.862357436836751,0.8566666666666667,0.9544701342319198,0.9608200243896048
170,0.8783333333333333,0.878155583178571,0.8831603791344473,0.8783333333333333,0.959967093195184,0.9642989992884712
180,0.875,0.8744152119374512,0.8794636232486457,0.875,0.9549439438215981,0.9586019275551538
190,0.8700000000000001,0.8685566263262305,0.8811881308845078,0.8700000000000001,0.955800612642718,0.9579139642747064
200,0.8633333333333333,0.8630170338186736,0.8693871697851406,0.8633333333333333,0.948346372688478,0.955853697400426
210,0.8600000000000001,0.8596560544326947,0.8654841743550424,0.8600000000000001,0.9546090937374996,0.9594974297321549
220,0.8616666666666666,0.8613139610625369,0.8686804134719303,0.8616666666666666,0.9553550543024227,0.9551814982933582
230,0.8950000000000001,0.8944849972331104,0.9045619338964928,0.8950000000000001,0.9687135315365379,0.971445279443256
240,0.8616666666666667,0.8614946736298099,0.8625250292892357,0.8616666666666667,0.9524476457249567,0.9551689427379317
250,0.8899999999999999,0.8899416057721401,0.8964636547887872,0.8899999999999999,0.9701745014245013,0.9688778939854003
260,0.8816666666666666,0.8813814584496299,0.8850482925676474,0.8816666666666666,0.9605293862719605,0.9639527704604863
270,0.8650000000000002,0.8647529777947188,0.8672664493994746,0.8650000000000002,0.9526994744386048,0.956185499963784
280,0.8816666666666665,0.8812635045019149,0.8859217685695109,0.8816666666666665,0.9620440227113636,0.9637422554748396
290,0.8733333333333334,0.8733332681695829,0.8750746402408544,0.8733333333333334,0.9611279131827077,0.9661193151392364
300,0.8433333333333332,0.8431735049098625,0.8466251192832763,0.8433333333333332,0.9458116579965319,0.9485863183406245
310,0.865,0.8644335594471928,0.8678731308996015,0.865,0.9583068783068782,0.957199821411962
320,0.8533333333333333,0.8531269909364083,0.8563007817346053,0.8533333333333333,0.949397751011156,0.9541712073943256
330,0.865,0.8644471964815947,0.8700006505678928,0.865,0.953075692252989,0.9562309962764669
340,0.8616666666666666,0.8615545724920093,0.8630855261694995,0.8616666666666666,0.9572314325081115,0.9604047445699655
350,0.86,0.8582296582422636,0.8654528827549675,0.86,0.9518191964285714,0.9487966721989021
360,0.8816666666666666,0.8814188979978537,0.883341482395031,0.8816666666666666,0.9612662362915144,0.9634285805471346
370,0.8700000000000001,0.8697148371783682,0.8722069914781588,0.8700000000000001,0.9545591165633245,0.9606230808054751
380,0.8950000000000001,0.8947210164655909,0.8993222103158607,0.8950000000000001,0.9610500800569294,0.9634467178903379
390,0.8799999999999999,0.8798032757071665,0.8849991901829231,0.8799999999999999,0.9609106767852976,0.9618932497835573
400,0.8616666666666667,0.8612744298812987,0.8657964224025216,0.8616666666666667,0.9534816462736373,0.9529635363811163
410,0.8749999999999998,0.874841061694352,0.878979806459059,0.8749999999999998,0.95759913730809,0.9587705654497783
420,0.8683333333333332,0.8683806833948319,0.8716482419390988,0.8683333333333332,0.9615559877743818,0.9653773510251704
430,0.86,0.8591014272034497,0.8657786162553901,0.86,0.9515062617372848,0.9563694539507234
440,0.8683333333333334,0.8678368992603808,0.8730938799194152,0.8683333333333334,0.9571651785714286,0.9545916431237758
450,0.8733333333333333,0.8728397214198843,0.876676679074777,0.8733333333333333,0.9574385309679427,0.9584286380950069
460,0.8700000000000001,0.8697053841352895,0.872349339626423,0.8700000000000001,0.9580883578771882,0.9602432572079013
470,0.8616666666666667,0.8610051846862914,0.8682545924162426,0.8616666666666667,0.9563133784024194,0.9595088636426963
480,0.8733333333333334,0.8730587645346995,0.8764031107681414,0.8733333333333334,0.9605358315068036,0.9655748334299722
490,0.8783333333333333,0.8782453379159243,0.8798993450615322,0.8783333333333333,0.9584481685633002,0.9626663881121336
500,0.8549999999999999,0.8543746288940763,0.864174000776875,0.8549999999999999,0.9570758700386685,0.9615681469085837
