method,budget,seed,test_images,malignant_fn,malignant_fn_presence,malignant_fn_subtype,malignant_fp
frozen,5,42,93,22,10,12,6
frozen,5,43,93,20,5,15,6
frozen,5,44,93,34,32,2,6
frozen,10,42,93,10,9,1,9
frozen,10,43,93,33,21,12,3
frozen,10,44,93,13,13,0,8
frozen,30,42,93,31,6,25,6
frozen,30,43,93,55,13,42,2
frozen,30,44,93,43,8,35,5
finetune,5,42,93,19,2,17,3
finetune,5,43,93,81,35,46,0
finetune,5,44,93,64,63,1,1
finetune,10,42,93,46,33,13,2
finetune,10,43,93,82,62,20,0
finetune,10,44,93,77,77,0,0
finetune,30,42,93,50,27,23,2
finetune,30,43,93,35,30,5,4
finetune,30,44,93,83,3,80,0
protonet,5,42,93,56,6,50,0
protonet,5,43,93,70,0,70,0
protonet,5,44,93,71,40,31,1
protonet,10,42,93,1,1,0,10
protonet,10,43,93,76,18,58,0
protonet,10,44,93,29,18,11,5
protonet,30,42,93,73,41,32,0
protonet,30,43,93,53,28,25,1
protonet,30,44,93,37,14,23,1
