method,budget,task,seeds,evidence_status,budget_unit,accuracy_mean,accuracy_std,recall_mean,recall_std,specificity_mean,specificity_std,macro_f1_mean,macro_f1_std,auc_mean,auc_std,fn_mean,fn_std,fp_mean,fp_std
finetune,5,pipeline,3,EXPLORATORY_UNKNOWN_ANCESTRY_AND_UNVERIFIED_LABELS,UNIQUE_PIXEL_IMAGES,0.35125448028673834,0.3325230062679276,0.3413654618473896,0.3859811757596969,0.8666666666666667,0.1527525231651947,0.24467336368661521,0.16933734865806513,0.7068273092369477,0.07195034389256447,54.666666666666664,32.036437588054845,1.3333333333333333,1.5275252316519465
finetune,5,presence,3,EXPLORATORY_UNKNOWN_ANCESTRY_AND_UNVERIFIED_LABELS,UNIQUE_PIXEL_IMAGES,0.5949820788530465,0.3286759848743226,0.6060606060606061,0.3638730290461463,0.4000000000000001,0.3464101615137755,0.41486607795596564,0.18018332045423163,0.6121212121212121,0.17826547974080015,34.666666666666664,32.020826556060875,3.0,1.7320508075688772
finetune,5,subtype,3,EXPLORATORY_UNKNOWN_ANCESTRY_AND_UNVERIFIED_LABELS,UNIQUE_PIXEL_IMAGES,0.5946969696969697,0.4553024000399006,0.5983935742971888,0.5077899957932853,0.5333333333333333,0.41633319989322654,0.40566742877252,0.289394030785554,0.7076305220883533,0.09398620065098849,33.333333333333336,42.146569650842686,2.3333333333333335,2.081665999466133
finetune,10,pipeline,3,EXPLORATORY_UNKNOWN_ANCESTRY_AND_UNVERIFIED_LABELS,UNIQUE_PIXEL_IMAGES,0.2114695340501792,0.20970039392559245,0.17670682730923692,0.23496550162747107,0.9333333333333332,0.11547005383792514,0.15870496656110095,0.11967289654680063,0.5738955823293174,0.22984065915575427,68.33333333333333,19.5021366350801,0.6666666666666666,1.1547005383792517
finetune,10,presence,3,EXPLORATORY_UNKNOWN_ANCESTRY_AND_UNVERIFIED_LABELS,UNIQUE_PIXEL_IMAGES,0.3333333333333333,0.2463750373632172,0.3143939393939394,0.26267785526645165,0.6666666666666666,0.41633319989322654,0.2680095985831416,0.1732239305133642,0.5795454545454545,0.2679505936943545,60.333333333333336,23.115651263447745,1.6666666666666667,2.0816659994661326
finetune,10,subtype,3,EXPLORATORY_UNKNOWN_ANCESTRY_AND_UNVERIFIED_LABELS,UNIQUE_PIXEL_IMAGES,0.5265151515151515,0.3783140976408746,0.5261044176706827,0.4250013163903914,0.5333333333333333,0.41633319989322654,0.3537091852407612,0.23026095112275471,0.6642570281124498,0.059870345874969415,39.333333333333336,35.27510926040249,2.3333333333333335,2.081665999466133
finetune,30,pipeline,3,EXPLORATORY_UNKNOWN_ANCESTRY_AND_UNVERIFIED_LABELS,UNIQUE_PIXEL_IMAGES,0.34767025089605735,0.23418489209920623,0.3253012048192771,0.2958561242845464,0.7999999999999999,0.2,0.2791235637461103,0.053095164629193566,0.5485943775100401,0.051007178221553456,56.0,24.55605831561735,2.0,2.0
finetune,30,presence,3,EXPLORATORY_UNKNOWN_ANCESTRY_AND_UNVERIFIED_LABELS,UNIQUE_PIXEL_IMAGES,0.7347670250896057,0.18696489398917532,0.75,0.18912860201242318,0.4666666666666666,0.23094010767585027,0.5434529358612287,0.19066706614467827,0.6401515151515151,0.23553540790007696,22.0,16.64331697709324,2.6666666666666665,1.1547005383792515
finetune,30,subtype,3,EXPLORATORY_UNKNOWN_ANCESTRY_AND_UNVERIFIED_LABELS,UNIQUE_PIXEL_IMAGES,0.4696969696969697,0.39370258033582334,0.4497991967871486,0.43462648219979705,0.7999999999999999,0.34641016151377546,0.3467045430590005,0.2641639088980039,0.6875502008032129,0.04119941719913949,45.666666666666664,36.073998022583154,1.0,1.7320508075688772
frozen,5,pipeline,3,EXPLORATORY_UNKNOWN_ANCESTRY_AND_UNVERIFIED_LABELS,UNIQUE_PIXEL_IMAGES,0.6523297491039427,0.07159492600515475,0.6947791164658635,0.09122744330602849,0.4000000000000001,6.798699777552591e-17,0.35076439551213756,0.04346298235790583,0.6206827309236949,0.07265303331997042,25.333333333333332,7.571877794400365,6.0,0.0
frozen,5,presence,3,EXPLORATORY_UNKNOWN_ANCESTRY_AND_UNVERIFIED_LABELS,UNIQUE_PIXEL_IMAGES,0.8028673835125448,0.1382602259640567,0.8219696969696969,0.16323076838193368,0.46666666666666673,0.3055050463303894,0.5427160659060921,0.05152768369562677,0.6799242424242423,0.1125535532162259,15.666666666666666,14.364307617610164,2.6666666666666665,1.5275252316519465
frozen,5,subtype,3,EXPLORATORY_UNKNOWN_ANCESTRY_AND_UNVERIFIED_LABELS,UNIQUE_PIXEL_IMAGES,0.8219696969696969,0.08604406584545868,0.8634538152610443,0.09812684114755517,0.13333333333333333,0.11547005383792516,0.48015649191865933,0.005787816266714641,0.6710843373493977,0.0988172176421715,11.333333333333334,8.144527815247079,4.333333333333333,0.5773502691896258
frozen,10,pipeline,3,EXPLORATORY_UNKNOWN_ANCESTRY_AND_UNVERIFIED_LABELS,UNIQUE_PIXEL_IMAGES,0.7240143369175627,0.10608350241540314,0.7751004016064257,0.15064256492779957,0.3333333333333333,0.32145502536643183,0.36994829552374314,0.03903947848944189,0.5720883534136546,0.07076796385362925,18.666666666666668,12.503332889007368,6.666666666666667,3.2145502536643185
frozen,10,presence,3,EXPLORATORY_UNKNOWN_ANCESTRY_AND_UNVERIFIED_LABELS,UNIQUE_PIXEL_IMAGES,0.8100358422939068,0.06114237315136911,0.8371212121212123,0.06943296507508849,0.3333333333333333,0.11547005383792516,0.5253138013386202,0.02831226144231645,0.7193181818181817,0.02613636363636368,14.333333333333334,6.110100926607787,3.3333333333333335,0.5773502691896258
frozen,10,subtype,3,EXPLORATORY_UNKNOWN_ANCESTRY_AND_UNVERIFIED_LABELS,UNIQUE_PIXEL_IMAGES,0.8409090909090908,0.10958694046582901,0.8755020080321286,0.14373919813793806,0.26666666666666666,0.4618802153517007,0.4943229975667418,0.03450995072173242,0.5277108433734939,0.20315410996007696,10.333333333333334,11.930353445448855,3.6666666666666665,2.3094010767585034
frozen,30,pipeline,3,EXPLORATORY_UNKNOWN_ANCESTRY_AND_UNVERIFIED_LABELS,UNIQUE_PIXEL_IMAGES,0.4838709677419355,0.11827956989247312,0.4819277108433735,0.14457831325301207,0.5666666666666668,0.2081665999466133,0.3202519381230884,0.04005373958304732,0.5445783132530121,0.04398828015308115,43.0,12.0,4.333333333333333,2.0816659994661326
frozen,30,presence,3,EXPLORATORY_UNKNOWN_ANCESTRY_AND_UNVERIFIED_LABELS,UNIQUE_PIXEL_IMAGES,0.8637992831541218,0.032850004981762264,0.8977272727272728,0.04097217358481803,0.26666666666666666,0.11547005383792516,0.5476499268544757,0.009717958863803165,0.6897727272727273,0.007096588634543651,9.0,3.605551275463989,3.6666666666666665,0.5773502691896258
frozen,30,subtype,3,EXPLORATORY_UNKNOWN_ANCESTRY_AND_UNVERIFIED_LABELS,UNIQUE_PIXEL_IMAGES,0.5227272727272727,0.13777676878388795,0.5100401606425703,0.1525575896644384,0.7333333333333334,0.11547005383792519,0.40584003874971214,0.07407274633351457,0.6755020080321286,0.13582611935054115,40.666666666666664,12.662279942148386,1.3333333333333333,0.5773502691896257
protonet,5,pipeline,3,EXPLORATORY_UNKNOWN_ANCESTRY_AND_UNVERIFIED_LABELS,UNIQUE_PIXEL_IMAGES,0.2580645161290323,0.08398117931082424,0.20883534136546186,0.1010421335374227,0.9666666666666667,0.05773502691896257,0.2383808111813338,0.034318945921834265,0.6477911646586345,0.1590376658074987,65.66666666666667,8.386497083606084,0.3333333333333333,0.5773502691896258
protonet,5,presence,3,EXPLORATORY_UNKNOWN_ANCESTRY_AND_UNVERIFIED_LABELS,UNIQUE_PIXEL_IMAGES,0.8028673835125448,0.21352503238145495,0.8257575757575757,0.24513166192974906,0.4000000000000001,0.3464101615137755,0.547383624423285,0.11195342870452112,0.7598484848484848,0.16477403343264957,15.333333333333334,21.571586249817916,3.0,1.7320508075688772
protonet,5,subtype,3,EXPLORATORY_UNKNOWN_ANCESTRY_AND_UNVERIFIED_LABELS,UNIQUE_PIXEL_IMAGES,0.3068181818181818,0.10227272727272727,0.2690763052208835,0.10865662054994925,0.9333333333333332,0.11547005383792512,0.27447197934639456,0.07734077475963302,0.6120481927710842,0.17019964709793062,60.666666666666664,9.018499505645789,0.3333333333333333,0.5773502691896258
protonet,10,pipeline,3,EXPLORATORY_UNKNOWN_ANCESTRY_AND_UNVERIFIED_LABELS,UNIQUE_PIXEL_IMAGES,0.5412186379928315,0.3747019987298709,0.5742971887550201,0.4566143199145354,0.5,0.5,0.2509797053928509,0.1083055995358131,0.5080321285140562,0.13784171612474383,35.333333333333336,37.89898855290644,5.0,5.0
protonet,10,presence,3,EXPLORATORY_UNKNOWN_ANCESTRY_AND_UNVERIFIED_LABELS,UNIQUE_PIXEL_IMAGES,0.8207885304659497,0.09932907857025816,0.8598484848484849,0.11153357472981411,0.13333333333333333,0.11547005383792516,0.4769547325102881,0.005524030353357536,0.568560606060606,0.12451524462189634,12.333333333333334,9.814954576223638,4.333333333333333,0.5773502691896258
protonet,10,subtype,3,EXPLORATORY_UNKNOWN_ANCESTRY_AND_UNVERIFIED_LABELS,UNIQUE_PIXEL_IMAGES,0.6136363636363636,0.40671659473121097,0.6265060240963856,0.46303322531507557,0.39999999999999997,0.5291502622129182,0.3688570243473482,0.18348687038005396,0.47710843373493983,0.17972414791126418,31.0,38.43175770115127,3.0,2.6457513110645907
protonet,30,pipeline,3,EXPLORATORY_UNKNOWN_ANCESTRY_AND_UNVERIFIED_LABELS,UNIQUE_PIXEL_IMAGES,0.36917562724014336,0.19364792342996556,0.3453815261044177,0.21731324109989852,0.9333333333333332,0.05773502691896257,0.2607757689241192,0.10165741083886526,0.6775100401606426,0.04951987997364937,54.333333333333336,18.036999011291577,0.6666666666666666,0.5773502691896258
protonet,30,presence,3,EXPLORATORY_UNKNOWN_ANCESTRY_AND_UNVERIFIED_LABELS,UNIQUE_PIXEL_IMAGES,0.6559139784946236,0.1454596694458998,0.662878787878788,0.16636508527271024,0.5333333333333333,0.3055050463303894,0.4572359558122329,0.05667943089218659,0.6916666666666668,0.07043010328713008,29.666666666666668,14.6401275039985,2.3333333333333335,1.5275252316519465
protonet,30,subtype,3,EXPLORATORY_UNKNOWN_ANCESTRY_AND_UNVERIFIED_LABELS,UNIQUE_PIXEL_IMAGES,0.4318181818181818,0.2122902465030614,0.40562248995983935,0.2274312471448638,0.8666666666666667,0.23094010767585033,0.3518941496913229,0.14762537527663894,0.6361445783132531,0.1266608347079655,49.333333333333336,18.876793513023692,0.6666666666666666,1.1547005383792517
