method,budget,seed,task,budget_unit,selected_training_images,validation_images,completed_steps,best_step,threshold,threshold_source,validation_macro_f1,validation_recall,training_seconds,model_sha256
finetune,10,42,presence,UNIQUE_PIXEL_IMAGES,20,236,140,40,0.6684840321540833,val,0.8468924354482937,0.9293478260869565,17.861304899999595,5d1268da6ea056bb847ba2de3ca1ee5b5a6e7853971115d3f49584f9e989cb30
finetune,10,42,subtype,UNIQUE_PIXEL_IMAGES,20,128,160,60,0.08781541138887405,val,0.7070938215102975,0.9,16.793617299999823,2d06d695578474eef5d65ea77ccd0a943dfc26f76af7262b79a7a94c4bbc1850
finetune,10,43,presence,UNIQUE_PIXEL_IMAGES,20,236,210,110,0.7192111015319824,val,0.8538781943037261,0.967391304347826,26.109071000000768,6514b321b4319c571bc4d9a3f17c9cceb0800fd43f864b5000d45d7e991a2748
finetune,10,43,subtype,UNIQUE_PIXEL_IMAGES,20,128,180,80,0.2115122377872467,val,0.8238238238238238,0.9,18.71371100000033,2f6d5067696c0e4949b43dc947a527b256830a7c1718cef32e7bafce304e2544
finetune,10,44,presence,UNIQUE_PIXEL_IMAGES,20,236,110,10,0.6252705454826355,val,0.8005889130713097,0.9021739130434783,14.245380700000169,4dbc942a9357a58bf0dc945401daa574d4384fdcd0fe6018daa56c56f3579c1c
finetune,10,44,subtype,UNIQUE_PIXEL_IMAGES,20,128,170,70,0.010915035381913185,val,0.6037151702786377,0.9,20.711983900000632,800033c15afaba0b408100f640b35ff303f06af4bae55873a03e6bd1e79981a0
finetune,30,42,presence,UNIQUE_PIXEL_IMAGES,60,236,250,150,0.6323332786560059,val,0.842926516626815,0.9021739130434783,31.045971699999427,47c105c1cc49643256eac9729589138ef4aa09b00ee1e45a1f162726328011cb
finetune,30,42,subtype,UNIQUE_PIXEL_IMAGES,60,128,160,60,0.15791375935077667,val,0.848897173035104,0.9,16.81915399999889,871e1d530fada49b4bd62d78c0fa0578401e2684da4e4cba08b49ff36a748d1f
finetune,30,43,presence,UNIQUE_PIXEL_IMAGES,60,236,110,10,0.5695396065711975,val,0.8637525773195875,0.9619565217391305,14.184756000000561,a73b860c1ab2636ee1b5380b8378b224ba4848195322e242997d10deabd9c382
finetune,30,43,subtype,UNIQUE_PIXEL_IMAGES,60,128,270,170,0.08016818016767502,val,0.854251012145749,0.9571428571428572,28.096421100000953,d7bdcdd27767979f1f5a03b7fca47ff3b21c8f18efb0f3b5855bd891377858d2
finetune,30,44,presence,UNIQUE_PIXEL_IMAGES,60,236,120,20,0.5158554911613464,val,0.8684542494206002,0.9891304347826086,15.453485099998943,325e6e48c041e6d5b9072f6a9a83767d81103dcd1f211de8e9d656df144ccace
finetune,30,44,subtype,UNIQUE_PIXEL_IMAGES,60,128,210,110,0.25925132632255554,val,0.8653382016213875,0.9,22.084809099998893,c50acf0ccf8d1fec7c4bbd0680073c134d05a4d36c37ec4ba5036f04e62f4d59
finetune,5,42,presence,UNIQUE_PIXEL_IMAGES,10,236,120,20,0.45140910148620605,val,0.8460010781059382,0.967391304347826,11.26727690000007,0ac97df493cb6a4c345b3a20ada60b42ebb1e8b84753cd82bc6de78961b4cdff
finetune,5,42,subtype,UNIQUE_PIXEL_IMAGES,10,128,260,160,0.028598614037036896,val,0.6037151702786377,0.9,17.897031599999536,dc51a388b0d5cf8423173b79411d2eab97034faf5f8e626bff6ffa935d04758d
finetune,5,43,presence,UNIQUE_PIXEL_IMAGES,10,236,160,60,0.8429667949676514,val,0.8430851063829787,0.9565217391304348,14.664181000000099,65be28e67fcfa7da9b711315a502ec7f9bf18002032e7b5154b1a0d2a00d0c98
finetune,5,43,subtype,UNIQUE_PIXEL_IMAGES,10,128,330,230,0.220978781580925,val,0.7044659937990633,0.9142857142857143,22.602469800000108,947bc0376f5168e2ccf63d9b1ce90fe0c6824978b06b5fb389e261c2afdb3749
finetune,5,44,presence,UNIQUE_PIXEL_IMAGES,10,236,110,10,0.4940241873264313,val,0.7543700461690375,0.9021739130434783,10.360724899999695,512f46d6ed7d90f6d38ab5d7c14745d896695e1e7f5c6dad8b9cad6398c1b43a
finetune,5,44,subtype,UNIQUE_PIXEL_IMAGES,10,128,160,60,0.04459434747695923,val,0.5139114934511354,0.9857142857142858,11.188702299999932,b5bd1b398c44436fd2a8917ef845aac4b01cad3fe2593c1a6cdfe73fd1900e90
frozen,10,42,presence,UNIQUE_PIXEL_IMAGES,20,236,0,0,2.1168098589918087e-19,val,0.8514874141876431,0.9728260869565217,1.0321144999998069,bc7af6166d3a217ad92106ff326afc22b0e16e278c3f4ba1b734f55f6747c908
frozen,10,42,subtype,UNIQUE_PIXEL_IMAGES,20,128,0,0,1.6774773712313618e-06,val,0.6572958500669344,0.9,0.5640363999991678,f5c260eef304018024f5412a9660a3af7874aafd3c2c55ce7ffc02422702ec0f
frozen,10,43,presence,UNIQUE_PIXEL_IMAGES,20,236,0,0,6.672192132128885e-09,val,0.8300088652482269,0.9510869565217391,1.0295295000014448,b6262bca9b29b383b9b0d025b2e4bc5bead20be544fac952706f9397a48fd66d
frozen,10,43,subtype,UNIQUE_PIXEL_IMAGES,20,128,0,0,3.6293362759565184e-10,val,0.7285259809119831,0.9428571428571428,0.5617050000000745,f24a27ebd11af03e5dc1053266f0863128afc85b6757f392e00fc85e8342a9e2
frozen,10,44,presence,UNIQUE_PIXEL_IMAGES,20,236,0,0,1.4372769591810008e-24,val,0.8460010781059382,0.967391304347826,1.001541499999803,1d45302850119088b0e4b5429852481e554355da47854f2bb77c4e417282e00b
frozen,10,44,subtype,UNIQUE_PIXEL_IMAGES,20,128,0,0,2.513007012678776e-19,val,0.5205992509363295,0.9,0.5719924999993964,83a655599e7efc9f2cab2747bd0508e8efef9159bfa67bd42b55519f0ed28c13
frozen,30,42,presence,UNIQUE_PIXEL_IMAGES,60,236,0,0,4.553565599124952e-31,val,0.8742897727272727,0.9945652173913043,1.1607856000009633,6b296f2ee2fc74845c9bae23a521cf5b14646f13bc0fecb1b5fafba1ff059a48
frozen,30,42,subtype,UNIQUE_PIXEL_IMAGES,60,128,0,0,5.580610832112143e-06,val,0.7354688710927408,0.9,0.6824801999991905,d9206ee38333f4a683cf65f35212c6550ca4e4b031ed9d07eb1a029f9bf40236
frozen,30,43,presence,UNIQUE_PIXEL_IMAGES,60,236,0,0,8.325238684378752e-18,val,0.8627108784176847,0.9836956521739131,1.160404700000072,0b530405b052c4f0c212b3823865e09bd266dd8c42752bea400d26eb8d8f8a55
frozen,30,43,subtype,UNIQUE_PIXEL_IMAGES,60,128,0,0,0.004523977637290955,val,0.7806967447173043,0.9,0.6919533999989653,1810ee98b966a4a4156ecb03ea2cf2f045d972071292a5dfec4bff387499eab9
frozen,30,44,presence,UNIQUE_PIXEL_IMAGES,60,236,0,0,4.214566629717753e-12,val,0.8684542494206002,0.9891304347826086,1.1361841999987519,3eb34d432453f700b0b2038e29b003e72cbcb6010eec8a43d04de0dea2a57b17
frozen,30,44,subtype,UNIQUE_PIXEL_IMAGES,60,128,0,0,9.71935241977917e-06,val,0.7628872564675822,0.9,0.8050488999997469,2f6858626f9e0ab2dcd1a43c75b96c9a872b8b4fc10a28c4401cf3af2b0a326f
frozen,5,42,presence,UNIQUE_PIXEL_IMAGES,10,236,0,0,7.864844617440335e-26,val,0.8570563294972744,0.9782608695652174,1.1760076999999,4b40a3b7a36e587e568e6b8fffeaf1d39e4a14908e185f7fee9a7514997d7c94
frozen,5,42,subtype,UNIQUE_PIXEL_IMAGES,10,128,0,0,1.114533628233293e-16,val,0.5759147219821377,0.9428571428571428,0.578445200000715,a7889813cc2be259ae4f87983c1978e84ef0174cf899a4409f3ec5fc7f4c04ce
frozen,5,43,presence,UNIQUE_PIXEL_IMAGES,10,236,0,0,4.1085241115038434e-21,val,0.8627108784176847,0.9836956521739131,0.905570800001442,37d0a2eba7f5aeb30b92819561dd1cc9ea309ebb235022d0ced42ac4cd137041
frozen,5,43,subtype,UNIQUE_PIXEL_IMAGES,10,128,0,0,4.194129360257648e-06,val,0.6363636363636364,0.9,0.5358262000008835,bc6392afab8b28969f0dccd9188d6c2193f671230cab855d3b1e57af3726a3b9
frozen,5,44,presence,UNIQUE_PIXEL_IMAGES,10,236,0,0,5.446034734291061e-10,val,0.8146613588972837,0.9347826086956522,1.0307637000005343,016aa1e6f0c59314edc83693829a73014dbdd56b8bdb0664229b3f40a6d3bf3e
frozen,5,44,subtype,UNIQUE_PIXEL_IMAGES,10,128,0,0,5.650089771047639e-13,val,0.48139963167587474,0.9,0.5294001000002027,4d225be4c3c8e394f8e1fd84249f89d132620604b639ef2ade4edf7fae597d7e
protonet,10,42,presence,UNIQUE_PIXEL_IMAGES,20,236,160,60,0.8151129484176636,val,0.7950903780882469,0.9130434782608695,22.592418199999884,e38858628ff2c8218538f4cbc32f6e9fa01e2087607eee503ea6a65766f20a10
protonet,10,42,subtype,UNIQUE_PIXEL_IMAGES,20,128,160,60,2.243015478597954e-05,val,0.5697632839876994,0.9285714285714286,18.380148900001586,d1edfa5bfe1be9c5e9f97a90ca4f117035ccfb647f6b670ddf8c6110006ce3a1
protonet,10,43,presence,UNIQUE_PIXEL_IMAGES,20,236,100,1,0.4286259710788727,val,0.8352645539578389,0.9565217391304348,13.933962099999917,e56e9f48460051229ea4b99bdcc46afe3d9f979b7f411247d97786e6ec7fd466
protonet,10,43,subtype,UNIQUE_PIXEL_IMAGES,20,128,120,20,0.3828027844429016,val,0.7447082287846619,0.9,13.77357579999989,eec68700ad1429c9a50131a496db7a73fd0ab0639e89511c3f0215c22c207d2e
protonet,10,44,presence,UNIQUE_PIXEL_IMAGES,20,236,100,1,0.1566232144832611,val,0.8352645539578389,0.9565217391304348,13.92383140000129,fc6e3ef6b1236641a1ca37e3fc865af989ee1ff404a246848df7cf9b58c942d3
protonet,10,44,subtype,UNIQUE_PIXEL_IMAGES,20,128,110,10,0.00202537071891129,val,0.6037151702786377,0.9,13.374011000001701,ed348ad444e9d20185544775068213d36d21bfd37635448aa307858968e53d43
protonet,30,42,presence,UNIQUE_PIXEL_IMAGES,60,236,180,80,0.9896661043167114,val,0.842926516626815,0.9021739130434783,28.224607899999683,ce07a3ffa91a48eb2be3f47db52ffcf6b82560c07fa0322c9cda47e92b9536e6
protonet,30,42,subtype,UNIQUE_PIXEL_IMAGES,60,128,210,110,0.0048848590813577175,val,0.8405977584059776,0.9,26.26662260000012,aa26002e8d95d0f5a7cee9b3165d5c67bd9c727567f9ce0a6b87bf8d9d26461c
protonet,30,43,presence,UNIQUE_PIXEL_IMAGES,60,236,310,210,0.31461742520332336,val,0.845465458910837,0.9510869565217391,42.71779609999976,6ec12ea6b77fed9ecc44f20dabd305a508562ef9d9b0d8a3d8368d6e329fffbf
protonet,30,43,subtype,UNIQUE_PIXEL_IMAGES,60,128,260,160,0.0021880902349948883,val,0.873015873015873,0.9142857142857143,30.75523549999889,c9ea0dce9931e953301abc36be3896a60be4b3a2958cdb281d39f00ade1eaeae
protonet,30,44,presence,UNIQUE_PIXEL_IMAGES,60,236,100,1,0.3412511944770813,val,0.8352645539578389,0.9565217391304348,14.551223599999503,05ba1a1dc194d68c372a877f54403cab564552ba53f5c110d8dc69b0799b839f
protonet,30,44,subtype,UNIQUE_PIXEL_IMAGES,60,128,220,120,0.0006737117073498666,val,0.7894736842105263,0.9,26.213647700000365,d356a62a79ebb1dbbcfab50284fc63c6f8c4b76bda5e896d86d40f7a286e5b01
protonet,5,42,presence,UNIQUE_PIXEL_IMAGES,10,236,100,1,0.048100557178258896,val,0.8026755852842808,0.9130434782608695,11.923337099999117,a541d32595a2fc62177a82de37f9ebb2ffe7cc2b4aff0333fa0fee8698964645
protonet,5,42,subtype,UNIQUE_PIXEL_IMAGES,10,128,110,10,0.044089097529649734,val,0.643066040944025,0.9142857142857143,9.075945299999148,aaa21e982d7f8c8545d5972b7c944cd8cbb52e3fc9f7257c622c9fc6b9ab7da1
protonet,5,43,presence,UNIQUE_PIXEL_IMAGES,10,236,130,30,0.02037673629820347,val,0.8802209284967906,1.0,13.450058699998408,740ee2bf439aaaf3053f60ac20119bef1f174c3881c012a8fcec92634e974314
protonet,5,43,subtype,UNIQUE_PIXEL_IMAGES,10,128,140,40,0.09723056852817535,val,0.7166666666666667,0.9,11.35781599999973,53b1e0e8d194600d97229bf0340c8fd927e2c271efc5d82461c1c22b0fb2137a
protonet,5,44,presence,UNIQUE_PIXEL_IMAGES,10,236,100,1,0.42296403646469116,val,0.7998940116587175,0.9184782608695652,11.259706099999676,631a0e80a6d8342a0188a3a79662763aa16b82e7ed56ed51d0d1863ca85ea6e1
protonet,5,44,subtype,UNIQUE_PIXEL_IMAGES,10,128,430,330,1.5998184608179145e-05,val,0.6037151702786377,0.9,37.74886349999906,734febf7c4540257ae0471bf0659c844a8fa8b1ab853fa872af128a88ac9ff57
